Order_ID,Order_Date,Ship_Date,Region,State,Category,Sub_Category,Product_Name,Sales,Quantity,Discount,Profit,Year,Month,Month_Name,Quarter,Profit_Margin_%,Sales_Category,High_Discount
ORD1405 ,2023-01-04, 1/10/2023 , East  , Bihar      , Furniture      , Storage     , Storage Model 40    ,129.32,7,0.1,23.17,2023.0,1.0,January,2023Q1,17.916795545932573,Low,No
ORD1409 ,2023-01-04, 1/6/2023  , West  , Gujarat    , Furniture      , Chairs      , Chairs Model 2      ,758.94,3,0.33,56.71,2023.0,1.0,January,2023Q1,7.47226394708409,Medium,Yes
ORD1490 ,2023-01-06, 1/8/2023  , South , Tamil Nadu , Technology     , Accessories , Accessories Model 31,1618.99,6,0.23,315.82,2023.0,1.0,January,2023Q1,19.50722363942952,High,No
ORD1156 ,2023-01-06, 1/10/2023 , South , Kerala     , Furniture      , Storage     , Storage Model 44    ,1395.62,4,0.3,150.52,2023.0,1.0,January,2023Q1,10.785170748484546,High,No
ORD1217 ,2023-01-07, 1/11/2023 , North , Delhi      , Office Supplies, Paper       , Paper Model 21      ,912.47,5,0.24,99.37,2023.0,1.0,January,2023Q1,10.890221048363234,Medium,No
ORD1429 ,2023-01-07, 1/10/2023 , West  , Gujarat    , Office Supplies, Art         , Art Model 33        ,396.87,2,0.02,50.33,2023.0,1.0,January,2023Q1,12.68173457303399,Low,No
ORD1499 ,2023-01-10, 1/12/2023 , South , Kerala     , Office Supplies, Art         , Art Model 14        ,166.91,10,0.1,25.06,2023.0,1.0,January,2023Q1,15.014079444011744,Low,No
ORD1196 ,2023-01-12,           , West  , Maharashtra, Office Supplies, Paper       , Paper Model 43      ,956.67,2,0.33,43.43,2023.0,1.0,January,2023Q1,4.539705436566424,Medium,Yes
ORD1312 ,2023-02-01, 2/5/2023  , West  , Rajasthan  , Office Supplies, Paper       , Paper Model 29      ,235.9,1,0.15,55.78,2023.0,2.0,February,2023Q1,23.645612547689698,Low,No
ORD1331 ,2023-02-02, 2/5/2023  , North , Punjab     , Technology     , Laptops     , Laptops Model 24    ,1063.8,5,0.23,127.83,2023.0,2.0,February,2023Q1,12.016356457980825,High,No
ORD1354 ,2023-02-03, 2/6/2023  , North , Punjab     , Office Supplies, Binders     , Binders Model 30    ,1376.38,5,0.37,197.61,2023.0,2.0,February,2023Q1,14.357226928609832,High,Yes
ORD1088 ,2023-02-09, 2/11/2023 , North , Punjab     , Furniture      , Storage     , Storage Model 27    ,1063.8,4,0.34,105.9,2023.0,2.0,February,2023Q1,9.954878736604627,High,Yes
ORD1480 ,2023-02-10, 2/11/2023 , East  , West Bengal, Technology     , Phones      , Phones Model 3      ,544.83,9,0.04,69.15,2023.0,2.0,February,2023Q1,12.692032377071746,Medium,No
ORD1078 ,2023-02-11,           , South , Tamil Nadu , Office Supplies, Paper       , Paper Model 17      ,1669.78,7,0.16,240.78,2023.0,2.0,February,2023Q1,14.419863694618455,High,No
ORD1442 ,2023-02-11,           , East  , Bihar      , Technology     , Accessories , Accessories Model 27,1269.5,5,0.1,249.8,2023.0,2.0,February,2023Q1,19.67703820401733,High,No
ORD1267 ,2023-02-11,           , West  , Rajasthan  , Furniture      , Tables      , Tables Model 27     ,1470.59,7,0.11,391.95,2023.0,2.0,February,2023Q1,26.652568016918384,High,No
ORD1327 ,2023-02-11,           , South , Tamil Nadu , Furniture      , Chairs      , Chairs Model 39     ,1950.56,3,0.09,95.4,2023.0,2.0,February,2023Q1,4.8909031252563375,High,No
ORD1056 ,2023-02-12,           , North , Delhi      , Technology     , Laptops     , Laptops Model 40    ,677.95,1,0.02,133.41,2023.0,2.0,February,2023Q1,19.67844236300612,Medium,No
ORD1017 ,2023-03-06, 3/10/2023 , East  , Bihar      , Technology     , Laptops     , Laptops Model 45    ,442.57,7,0.15,33.09,2023.0,3.0,March,2023Q1,7.476783333709923,Low,No
ORD1310 ,2023-03-07, 3/8/2023  , South , Karnataka  , Technology     , Laptops     , Laptops Model 41    ,1239.95,3,0.22,143.13,2023.0,3.0,March,2023Q1,11.543207387394652,High,No
ORD1224 ,2023-03-10,           , South , Tamil Nadu , Furniture      , Tables      , Tables Model 4      ,1444.19,10,0.19,128.73,2023.0,3.0,March,2023Q1,8.913647096296193,High,No
ORD1063 ,2023-03-10,           , South , Kerala     , Furniture      , Tables      , Tables Model 15     ,951.86,1,0.18,189.81,2023.0,3.0,March,2023Q1,19.94095770386401,Medium,No
ORD1037 ,2023-03-11,           , South , Tamil Nadu , Technology     , Laptops     , Laptops Model 39    ,277.6,2,0.28,37.93,2023.0,3.0,March,2023Q1,13.663544668587896,Low,No
ORD1496 ,2023-04-02, 4/6/2023  , South , Karnataka  , Technology     , Laptops     , Laptops Model 45    ,559.81,9,0.14,31.4,2023.0,4.0,April,2023Q2,5.609045926296422,Medium,No
ORD1113 ,2023-04-04, 4/5/2023  , West  , Rajasthan  , Technology     , Phones      , Phones Model 21     ,1085.02,7,0.38,59.26,2023.0,4.0,April,2023Q2,5.461650476488913,High,Yes
ORD1333 ,2023-04-06, 4/10/2023 , South , Karnataka  , Office Supplies, Art         , Art Model 5         ,1314.48,4,0.32,160.42,2023.0,4.0,April,2023Q2,12.204065485971638,High,Yes
ORD1353 ,2023-04-06, 4/11/2023 , West  , Gujarat    , Office Supplies, Art         , Art Model 17        ,1777.5,2,0.02,467.97,2023.0,4.0,April,2023Q2,26.327426160337552,High,No
ORD1370 ,2023-04-07, 4/10/2023 , North , Delhi      , Furniture      , Tables      , Tables Model 29     ,1224.15,1,0.14,178.84,2023.0,4.0,April,2023Q2,14.609320753175673,High,No
ORD1247 ,2023-04-07, 4/11/2023 , West  , Rajasthan  , Office Supplies, Binders     , Binders Model 23    ,1908.79,5,0.06,304.36,2023.0,4.0,April,2023Q2,15.945179930741466,High,No
ORD1473 ,2023-04-07, 4/9/2023  , North , Haryana    , Office Supplies, Art         , Art Model 38        ,598.38,5,0.3,42.1,2023.0,4.0,April,2023Q2,7.035662956649621,Medium,No
ORD1072 ,2023-04-08, 4/11/2023 , West  , Rajasthan  , Technology     , Laptops     , Laptops Model 26    ,640.64,1,0.16,134.58,2023.0,4.0,April,2023Q2,21.007117882117885,Medium,No
ORD1065 ,2023-04-10,           , South , Tamil Nadu , Office Supplies, Binders     , Binders Model 47    ,1922.03,2,0.2,126.61,2023.0,4.0,April,2023Q2,6.587306129456877,High,No
ORD1251 ,2023-04-10,           , South , Kerala     , Furniture      , Tables      , Tables Model 20     ,1137.76,5,0.26,47.85,2023.0,4.0,April,2023Q2,4.205632119251863,High,No
ORD1288 ,2023-04-11, 4/12/2023 , West  , Maharashtra, Furniture      , Chairs      , Chairs Model 32     ,720.05,6,0.26,124.83,2023.0,4.0,April,2023Q2,17.33629609054927,Medium,No
ORD1015 ,2023-04-12,           , East  , West Bengal, Furniture      , Storage     , Storage Model 7     ,1491.25,7,0.33,294.08,2023.0,4.0,April,2023Q2,19.720368818105616,High,Yes
ORD1040 ,2023-05-01, 5/4/2023  , West  , Gujarat    , Technology     , Accessories , Accessories Model 30,522.12,3,0.3,104.85,2023.0,5.0,May,2023Q2,20.081590438979543,Medium,No
ORD1136 ,2023-05-02, 5/4/2023  , West  , Gujarat    , Furniture      , Tables      , Tables Model 47     ,736.7,4,0.15,111.38,2023.0,5.0,May,2023Q2,15.118772906203336,Medium,No
ORD1060 ,2023-05-02, 5/9/2023  , South , Karnataka  , Furniture      , Storage     , Storage Model 16    ,1910.39,10,0.37,86.94,2023.0,5.0,May,2023Q2,4.550903218714502,High,Yes
ORD1363 ,2023-05-07, 5/9/2023  , East  , Bihar      , Furniture      , Storage     , Storage Model 46    ,408.09,9,0.14,48.09,2023.0,5.0,May,2023Q2,11.784165257663751,Low,No
ORD1102 ,2023-05-07, 5/11/2023 , North , Haryana    , Technology     , Accessories , Accessories Model 31,391.8,7,0.28,55.49,2023.0,5.0,May,2023Q2,14.162838182746299,Low,No
ORD1039 ,2023-05-11,           , East  , Bihar      , Technology     , Phones      , Phones Model 24     ,1441.36,7,0.05,90.56,2023.0,5.0,May,2023Q2,6.282954986956764,High,No
ORD1121 ,2023-05-12,           , West  , Gujarat    , Technology     , Laptops     , Laptops Model 47    ,1277.97,5,0.05,260.71,2023.0,5.0,May,2023Q2,20.400322386284497,High,No
ORD1086 ,2023-06-01, 6/7/2023  , North , Punjab     , Furniture      , Chairs      , Chairs Model 33     ,1732.71,8,0.03,439.99,2023.0,6.0,June,2023Q2,25.393170236219564,High,No
ORD1375 ,2023-06-04, 6/10/2023 , South , Kerala     , Office Supplies, Binders     , Binders Model 42    ,1132.95,5,0.16,253.44,2023.0,6.0,June,2023Q2,22.369919237389116,High,No
ORD1256 ,2023-06-05, 6/11/2023 , East  , Odisha     , Technology     , Accessories , Accessories Model 47,563.95,9,0.31,57.1,2023.0,6.0,June,2023Q2,10.125011082542779,Medium,Yes
ORD1238 ,2023-06-10,           , South , Karnataka  , Furniture      , Tables      , Tables Model 11     ,1863.87,2,0.17,241.85,2023.0,6.0,June,2023Q2,12.975690364671355,High,No
ORD1241 ,2023-06-11,           , East  , West Bengal, Office Supplies, Binders     , Binders Model 5     ,834.49,4,0.39,43.8,2023.0,6.0,June,2023Q2,5.248714783879974,Medium,Yes
ORD1324 ,2023-06-12,           , West  , Maharashtra, Technology     , Accessories , Accessories Model 8 ,1423.75,5,0.3,274.12,2023.0,6.0,June,2023Q2,19.253380158033362,High,No
ORD1123 ,2023-07-01, 7/3/2023  , South , Kerala     , Furniture      , Storage     , Storage Model 35    ,1963.41,9,0.15,472.22,2023.0,7.0,July,2023Q3,24.0510132881059,High,No
ORD1428 ,2023-07-03, 7/7/2023  , North , Punjab     , Office Supplies, Art         , Art Model 9         ,1440.38,2,0.22,251.63,2023.0,7.0,July,2023Q3,17.46969549702162,High,No
ORD1083 ,2023-07-05, 7/11/2023 , South , Kerala     , Technology     , Phones      , Phones Model 17     ,1268.92,8,0.23,93.63,2023.0,7.0,July,2023Q3,7.378715758282634,High,No
ORD1468 ,2023-07-06,           , East  , West Bengal, Office Supplies, Art         , Art Model 32        ,449.96,10,0.19,55.15,2023.0,7.0,July,2023Q3,12.256645035114232,Low,No
ORD1277 ,2023-07-07, 7/9/2023  , West  , Gujarat    , Furniture      , Tables      , Tables Model 32     ,362.13,2,0.09,32.41,2023.0,7.0,July,2023Q3,8.949824648606853,Low,No
ORD1137 ,2023-07-08, 7/10/2023 , South , Tamil Nadu , Furniture      , Storage     , Storage Model 3     ,1859.83,2,0.20684,133.83,2023.0,7.0,July,2023Q3,7.195818972701808,High,No
ORD1289 ,2023-07-10, 7/11/2023 , East  , West Bengal, Technology     , Laptops     , Laptops Model 6     ,1561.07,8,0.28,62.11,2023.0,7.0,July,2023Q3,3.978681289115799,High,No
ORD1290 ,2023-08-01, 8/7/2023  , South , Tamil Nadu , Office Supplies, Paper       , Paper Model 10      ,1423.67,2,0.37,61.36,2023.0,8.0,August,2023Q3,4.309987567343556,High,Yes
ORD1250 ,2023-08-02, 8/8/2023  , North , Punjab     , Office Supplies, Binders     , Binders Model 32    ,930.26,2,0.24,142.72,2023.0,8.0,August,2023Q3,15.34194741255133,Medium,No
ORD1160 ,2023-08-05, 8/10/2023 , North , Punjab     , Furniture      , Storage     , Storage Model 43    ,645.34,4,0.0,65.61,2023.0,8.0,August,2023Q3,10.166733814733318,Medium,No
ORD1494 ,2023-08-05, 8/7/2023  , East  , Odisha     , Office Supplies, Binders     , Binders Model 26    ,1349.39,2,0.24,162.66,2023.0,8.0,August,2023Q3,12.054335662780959,High,No
ORD1245 ,2023-08-06, 8/12/2023 , West  , Maharashtra, Technology     , Laptops     , Laptops Model 3     ,842.92,9,0.35,106.4,2023.0,8.0,August,2023Q3,12.62278745313909,Medium,Yes
ORD1220 ,2023-08-07, 8/9/2023  , East  , Odisha     , Technology     , Accessories , Accessories Model 42,547.76,6,0.22,52.54,2023.0,8.0,August,2023Q3,9.591792025704688,Medium,No
ORD1337 ,2023-08-07, 8/11/2023 , South , Kerala     , Office Supplies, Art         , Art Model 18        ,986.03,10,0.17,190.43,2023.0,8.0,August,2023Q3,19.312799813393102,Medium,No
ORD1258 ,2023-08-08,           , South , Tamil Nadu , Technology     , Accessories , Accessories Model 28,1467.43,7,0.05,337.39,2023.0,8.0,August,2023Q3,22.991897398853776,High,No
ORD1145 ,2023-08-09,           , East  , Odisha     , Office Supplies, Binders     , Binders Model 24    ,245.76,6,0.2,43.11,2023.0,8.0,August,2023Q3,17.54150390625,Low,No
ORD1383 ,2023-09-01, 9/4/2023  , South , Kerala     , Technology     , Laptops     , Laptops Model 27    ,1599.62,6,0.31,193.42,2023.0,9.0,September,2023Q3,12.09162176016804,High,Yes
ORD1062 ,2023-09-02, 9/8/2023  , South , Karnataka  , Furniture      , Tables      , Tables Model 40     ,257.69,2,0.03,64.26,2023.0,9.0,September,2023Q3,24.936939733788662,Low,No
ORD1309 ,2023-09-03, 9/8/2023  , East  , Bihar      , Office Supplies, Paper       , Paper Model 27      ,1063.8,8,0.4,15.31,2023.0,9.0,September,2023Q3,1.4391802970483174,High,Yes
ORD1048 ,2023-09-03, 9/7/2023  , West  , Rajasthan  , Technology     , Phones      , Phones Model 29     ,525.22,9,0.16,45.5,2023.0,9.0,September,2023Q3,8.663036441871977,Medium,No
ORD1244 ,2023-09-04, 9/5/2023  , North , Haryana    , Furniture      , Tables      , Tables Model 13     ,1890.45,2,0.12,244.78,2023.0,9.0,September,2023Q3,12.948239837075828,High,No
ORD1225 ,2023-09-06,           , East  , Odisha     , Office Supplies, Art         , Art Model 27        ,165.45,9,0.0,25.73,2023.0,9.0,September,2023Q3,15.551526140828045,Low,No
ORD1130 ,2023-09-06, 9/9/2023  , South , Tamil Nadu , Office Supplies, Binders     , Binders Model 40    ,939.96,8,0.4,38.92,2023.0,9.0,September,2023Q3,4.140601727733095,Medium,Yes
ORD1106 ,2023-09-07, 9/9/2023  , North , Delhi      , Office Supplies, Art         , Art Model 21        ,1972.68,2,0.06,429.58,2023.0,9.0,September,2023Q3,21.776466532838572,High,No
ORD1059 ,2023-09-07, 9/8/2023  , West  , Gujarat    , Office Supplies, Art         , Art Model 15        ,1063.8,3,0.16,223.83,2023.0,9.0,September,2023Q3,21.040609137055842,High,No
ORD1161 ,2023-09-09,           , North , Haryana    , Office Supplies, Binders     , Binders Model 7     ,1838.98,5,0.18,180.66,2023.0,9.0,September,2023Q3,9.823924131855701,High,No
ORD1320 ,2023-09-09, 9/11/2023 , East  , West Bengal, Office Supplies, Paper       , Paper Model 6       ,1080.75,4,0.20684,41.27,2023.0,9.0,September,2023Q3,3.8186444598658347,High,No
ORD1418 ,2023-09-10,           , East  , Odisha     , Furniture      , Chairs      , Chairs Model 17     ,576.17,10,0.29,53.84,2023.0,9.0,September,2023Q3,9.344464307409272,Medium,No
ORD1284 ,2023-09-10,           , South , Karnataka  , Furniture      , Chairs      , Chairs Model 47     ,1063.26,2,0.26,135.49,2023.0,9.0,September,2023Q3,12.742885089253805,High,No
ORD1000 ,2023-09-10, 9/11/2023 , West  , Gujarat    , Technology     , Accessories , Accessories Model 19,633.61,3,0.18,136.94,2023.0,9.0,September,2023Q3,21.612663941541328,Medium,No
ORD1314 ,2023-09-11, 9/12/2023 , West  , Maharashtra, Technology     , Phones      , Phones Model 24     ,1633.56,1,0.04,438.58,2023.0,9.0,September,2023Q3,26.848110874409265,High,No
ORD1101 ,2023-10-01, 10/4/2023 , West  , Rajasthan  , Furniture      , Chairs      , Chairs Model 44     ,1129.25,1,0.24,251.72,2023.0,10.0,October,2023Q4,22.290901040513614,High,No
ORD1055 ,2023-10-03, 10/9/2023 , South , Karnataka  , Office Supplies, Art         , Art Model 8         ,1175.05,9,0.36,65.47,2023.0,10.0,October,2023Q4,5.5716778009446415,High,Yes
ORD1360 ,2023-10-05, 10/7/2023 , North , Delhi      , Office Supplies, Paper       , Paper Model 11      ,1850.52,6,0.25,185.12,2023.0,10.0,October,2023Q4,10.003674642803103,High,No
ORD1413 ,2023-10-05, 10/8/2023 , West  , Rajasthan  , Technology     , Laptops     , Laptops Model 49    ,440.36,7,0.35,48.67,2023.0,10.0,October,2023Q4,11.052320828413116,Low,Yes
ORD1139 ,2023-10-09,           , South , Kerala     , Office Supplies, Paper       , Paper Model 30      ,1850.83,4,0.37,171.86,2023.0,10.0,October,2023Q4,9.285563774090544,High,Yes
ORD1176 ,2023-10-09,           , North , Punjab     , Office Supplies, Paper       , Paper Model 1       ,1392.02,5,0.39,96.02,2023.0,10.0,October,2023Q4,6.897889398140832,High,Yes
ORD1043 ,2023-11-02, 11/3/2023 , East  , West Bengal, Office Supplies, Paper       , Paper Model 22      ,1072.65,4,0.4,182.26,2023.0,11.0,November,2023Q4,16.991562951568543,High,Yes
ORD1012 ,2023-11-03, 11/9/2023 , West  , Gujarat    , Office Supplies, Binders     , Binders Model 48    ,1633.54,9,0.14,131.66,2023.0,11.0,November,2023Q4,8.059796515542931,High,No
ORD1041 ,2023-11-09,           , South , Tamil Nadu , Technology     , Laptops     , Laptops Model 32    ,757.62,9,0.03,142.72,2023.0,11.0,November,2023Q4,18.837939864311924,Medium,No
ORD1114 ,2023-12-01, 12/7/2023 , West  , Gujarat    , Furniture      , Tables      , Tables Model 38     ,1859.11,1,0.1,235.78,2023.0,12.0,December,2023Q4,12.682412552242742,High,No
ORD1110 ,2023-12-02, 12/9/2023 , North , Delhi      , Furniture      , Chairs      , Chairs Model 20     ,378.19,10,0.18,31.99,2023.0,12.0,December,2023Q4,8.458711229805123,Low,No
ORD1064 ,2023-12-08,           , West  , Gujarat    , Office Supplies, Art         , Art Model 44        ,1979.38,10,0.23,429.19,2023.0,12.0,December,2023Q4,21.68305226889228,High,No
ORD1215 ,2024-01-01, 1/7/2024  , West  , Gujarat    , Furniture      , Storage     , Storage Model 11    ,291.1,7,0.16,13.51,2024.0,1.0,January,2024Q1,4.641016832703538,Low,No
ORD1052 ,2024-01-03, 1/10/2024 , South , Tamil Nadu , Office Supplies, Binders     , Binders Model 33    ,1280.76,7,0.08,156.92,2024.0,1.0,January,2024Q1,12.252100315437708,High,No
ORD1445 ,2024-01-05, 1/6/2024  , North , Delhi      , Technology     , Phones      , Phones Model 11     ,105.58,2,0.1,17.85,2024.0,1.0,January,2024Q1,16.906611100587234,Low,No
ORD1463 ,2024-01-06, 1/7/2024  , West  , Gujarat    , Furniture      , Tables      , Tables Model 27     ,1427.37,10,0.22,93.88,2024.0,1.0,January,2024Q1,6.5771313674800505,High,No
ORD1100 ,2024-01-07, 1/12/2024 , South , Tamil Nadu , Technology     , Accessories , Accessories Model 1 ,1338.82,1,0.20684,188.96,2024.0,1.0,January,2024Q1,14.113921214203554,High,No
ORD1403 ,2024-01-08, 1/10/2024 , South , Tamil Nadu , Office Supplies, Binders     , Binders Model 28    ,1380.12,4,0.01,307.83,2024.0,1.0,January,2024Q1,22.30458221024259,High,No
ORD1132 ,2024-01-12,           , South , Karnataka  , Furniture      , Chairs      , Chairs Model 30     ,607.77,9,0.11,92.83,2024.0,1.0,January,2024Q1,15.273870049525314,Medium,No
ORD1209 ,2024-02-01, 2/8/2024  , South , Kerala     , Technology     , Phones      , Phones Model 22     ,1841.11,9,0.24,84.96,2024.0,2.0,February,2024Q1,4.614607492219368,High,No
ORD1112 ,2024-02-01, 2/6/2024  , East  , Odisha     , Technology     , Accessories , Accessories Model 34,1490.95,6,0.05,221.15,2024.0,2.0,February,2024Q1,14.832824709078105,High,No
ORD1395 ,2024-02-03, 2/8/2024  , South , Tamil Nadu , Technology     , Laptops     , Laptops Model 15    ,1393.6,4,0.19,225.34,2024.0,2.0,February,2024Q1,16.169632606199773,High,No
ORD1482 ,2024-02-08, 2/9/2024  , South , Kerala     , Office Supplies, Art         , Art Model 25        ,1048.15,5,0.14,215.69,2024.0,2.0,February,2024Q1,20.57816152268282,High,No
ORD1051 ,2024-02-10, 2/11/2024 , West  , Rajasthan  , Office Supplies, Paper       , Paper Model 40      ,1919.7,2,0.2,0.0,2024.0,2.0,February,2024Q1,0.0,High,No
ORD1431 ,2024-02-10,           , East  , West Bengal, Technology     , Phones      , Phones Model 20     ,1316.98,2,0.09,203.06,2024.0,2.0,February,2024Q1,15.418609242357514,High,No
ORD1125 ,2024-03-03, 3/7/2024  , North , Delhi      , Office Supplies, Binders     , Binders Model 40    ,1660.59,1,0.26,319.38,2024.0,3.0,March,2024Q1,19.232923238126208,High,No
ORD1182 ,2024-03-05, 3/11/2024 , North , Delhi      , Furniture      , Storage     , Storage Model 46    ,820.33,3,0.23,61.63,2024.0,3.0,March,2024Q1,7.512830202479489,Medium,No
ORD1434 ,2024-03-08,           , North , Haryana    , Office Supplies, Art         , Art Model 16        ,956.79,4,0.14,80.45,2024.0,3.0,March,2024Q1,8.408323665590151,Medium,No
ORD1054 ,2024-03-08, 3/9/2024  , East  , Odisha     , Office Supplies, Art         , Art Model 26        ,1222.22,1,0.27,64.31,2024.0,3.0,March,2024Q1,5.261736839521527,High,No
ORD1213 ,2024-03-11,           , East  , West Bengal, Office Supplies, Binders     , Binders Model 36    ,1063.8,7,0.08,248.01,2024.0,3.0,March,2024Q1,23.313592780597858,High,No
ORD1443 ,2024-04-03, 4/10/2024 , East  , Odisha     , Furniture      , Storage     , Storage Model 32    ,1081.75,8,0.23,61.25,2024.0,4.0,April,2024Q2,5.662121562283337,High,No
ORD1421 ,2024-04-03, 4/8/2024  , West  , Gujarat    , Technology     , Laptops     , Laptops Model 46    ,1025.9,4,0.14,176.68,2024.0,4.0,April,2024Q2,17.221951457257042,High,No
ORD1190 ,2024-04-04, 4/9/2024  , West  , Gujarat    , Furniture      , Storage     , Storage Model 16    ,396.89,6,0.03,61.64,2024.0,4.0,April,2024Q2,15.530751593640558,Low,No
ORD1430 ,2024-04-05, 4/10/2024 , South , Tamil Nadu , Furniture      , Storage     , Storage Model 5     ,979.88,8,0.26,217.02,2024.0,4.0,April,2024Q2,22.147609911417725,Medium,No
ORD1116 ,2024-04-07, 4/12/2024 , East  , Odisha     , Furniture      , Chairs      , Chairs Model 45     ,273.73,7,0.09,25.78,2024.0,4.0,April,2024Q2,9.418039674131442,Low,No
ORD1077 ,2024-04-07,           , North , Punjab     , Furniture      , Tables      , Tables Model 47     ,966.33,1,0.18,173.41,2024.0,4.0,April,2024Q2,17.945215402605736,Medium,No
ORD1426 ,2024-04-07, 4/10/2024 , East  , Bihar      , Furniture      , Tables      , Tables Model 32     ,1514.3,3,0.36,49.98,2024.0,4.0,April,2024Q2,3.3005349006141453,High,Yes
ORD1390 ,2024-04-09,           , South , Kerala     , Technology     , Accessories , Accessories Model 3 ,1683.78,6,0.34,236.62,2024.0,4.0,April,2024Q2,14.052904773782798,High,Yes
ORD1433 ,2024-04-10,           , East  , West Bengal, Technology     , Phones      , Phones Model 50     ,914.69,2,0.36,82.15,2024.0,4.0,April,2024Q2,8.981184882309853,Medium,Yes
ORD1203 ,2024-04-11,           , East  , West Bengal, Technology     , Accessories , Accessories Model 8 ,558.22,2,0.09,78.88,2024.0,4.0,April,2024Q2,14.130629500913617,Medium,No
ORD1461 ,2024-04-12,           , South , Tamil Nadu , Furniture      , Storage     , Storage Model 45    ,1701.49,9,0.16,242.22,2024.0,4.0,April,2024Q2,14.235758070867298,High,No
ORD1178 ,2024-05-02, 5/3/2024  , East  , West Bengal, Technology     , Accessories , Accessories Model 9 ,1495.04,7,0.32,54.75,2024.0,5.0,May,2024Q2,3.662109375,High,Yes
ORD1084 ,2024-05-04, 5/5/2024  , West  , Gujarat    , Technology     , Laptops     , Laptops Model 37    ,1620.22,2,0.34,72.4,2024.0,5.0,May,2024Q2,4.468528965202257,High,Yes
ORD1118 ,2024-05-04, 5/9/2024  , North , Haryana    , Office Supplies, Paper       , Paper Model 9       ,178.96,1,0.07,23.6,2024.0,5.0,May,2024Q2,13.187304425569959,Low,No
ORD1366 ,2024-05-04, 5/7/2024  , North , Delhi      , Office Supplies, Paper       , Paper Model 46      ,1982.76,4,0.20684,116.35,2024.0,5.0,May,2024Q2,5.868082874377131,High,No
ORD1057 ,2024-05-05, 5/10/2024 , East  , West Bengal, Furniture      , Storage     , Storage Model 32    ,1270.11,10,0.37,100.24,2024.0,5.0,May,2024Q2,7.892229806867122,High,Yes
ORD1257 ,2024-05-06, 5/11/2024 , North , Haryana    , Technology     , Phones      , Phones Model 50     ,437.89,4,0.3,46.57,2024.0,5.0,May,2024Q2,10.635091004590194,Low,No
ORD1399 ,2024-05-06, 5/8/2024  , East  , West Bengal, Furniture      , Storage     , Storage Model 46    ,1437.84,1,0.37,102.52,2024.0,5.0,May,2024Q2,7.130139653925332,High,Yes
ORD1240 ,2024-05-08, 5/12/2024 , South , Tamil Nadu , Office Supplies, Art         , Art Model 29        ,344.09,9,0.14,71.49,2024.0,5.0,May,2024Q2,20.77654102124444,Low,No
ORD1411 ,2024-05-09, 5/12/2024 , West  , Gujarat    , Office Supplies, Art         , Art Model 31        ,956.75,3,0.23,87.61,2024.0,5.0,May,2024Q2,9.157042069506142,Medium,No
ORD1135 ,2024-05-09,           , South , Kerala     , Office Supplies, Binders     , Binders Model 25    ,727.16,9,0.28,90.1,2024.0,5.0,May,2024Q2,12.390670553935859,Medium,No
ORD1131 ,2024-05-10,           , East  , Bihar      , Furniture      , Tables      , Tables Model 12     ,1326.24,3,0.13,323.81,2024.0,5.0,May,2024Q2,24.415641211243816,High,No
ORD1002 ,2024-05-11,           , West  , Gujarat    , Technology     , Accessories , Accessories Model 45,468.52,1,0.18,49.47,2024.0,5.0,May,2024Q2,10.55878084179971,Low,No
ORD1235 ,2024-05-12,           , East  , West Bengal, Office Supplies, Binders     , Binders Model 13    ,1238.28,5,0.11,94.24,2024.0,5.0,May,2024Q2,7.610556578479827,High,No
ORD1451 ,2024-05-12,           , South , Karnataka  , Technology     , Phones      , Phones Model 32     ,1271.51,4,0.05,213.63,2024.0,5.0,May,2024Q2,16.80128351330308,High,No
ORD1246 ,2024-05-12,           , West  , Rajasthan  , Furniture      , Chairs      , Chairs Model 26     ,793.64,7,0.2,74.87,2024.0,5.0,May,2024Q2,9.433748298976868,Medium,No
ORD1301 ,2024-06-01, 6/2/2024  , North , Haryana    , Furniture      , Tables      , Tables Model 39     ,833.18,10,0.18,79.79,2024.0,6.0,June,2024Q2,9.576562087424087,Medium,No
ORD1268 ,2024-06-01, 6/8/2024  , South , Karnataka  , Furniture      , Storage     , Storage Model 41    ,1967.0,2,0.16,452.15,2024.0,6.0,June,2024Q2,22.986781901372648,High,No
ORD1066 ,2024-06-03, 6/8/2024  , South , Tamil Nadu , Technology     , Phones      , Phones Model 37     ,1389.24,2,0.3,233.25,2024.0,6.0,June,2024Q2,16.78975554979701,High,No
ORD1035 ,2024-06-05, 6/9/2024  , North , Delhi      , Furniture      , Chairs      , Chairs Model 5      ,634.16,9,0.17,109.16,2024.0,6.0,June,2024Q2,17.213321559227957,Medium,No
ORD1169 ,2024-06-08,           , North , Haryana    , Office Supplies, Paper       , Paper Model 17      ,506.75,6,0.36,73.15,2024.0,6.0,June,2024Q2,14.435125801677357,Medium,Yes
ORD1344 ,2024-06-10, 6/12/2024 , North , Punjab     , Technology     , Accessories , Accessories Model 33,1183.33,6,0.19,63.26,2024.0,6.0,June,2024Q2,5.345930551917047,High,No
ORD1206 ,2024-07-03, 7/10/2024 , South , Tamil Nadu , Furniture      , Storage     , Storage Model 35    ,540.41,9,0.06,33.65,2024.0,7.0,July,2024Q3,6.226753761033289,Medium,No
ORD1007 ,2024-07-04, 7/9/2024  , East  , Bihar      , Technology     , Accessories , Accessories Model 27,1298.67,5,0.4,149.61,2024.0,7.0,July,2024Q3,11.520247637968076,High,Yes
ORD1020 ,2024-07-05, 7/9/2024  , East  , Odisha     , Technology     , Phones      , Phones Model 44     ,437.41,6,0.26,64.25,2024.0,7.0,July,2024Q3,14.6887359685421,Low,No
ORD1444 ,2024-07-05, 7/10/2024 , East  , Bihar      , Office Supplies, Binders     , Binders Model 50    ,451.93,1,0.17,99.86,2024.0,7.0,July,2024Q3,22.096342353904365,Low,No
ORD1103 ,2024-07-06, 7/11/2024 , South , Tamil Nadu , Furniture      , Tables      , Tables Model 46     ,304.0,3,0.36,26.41,2024.0,7.0,July,2024Q3,8.6875,Low,Yes
ORD1181 ,2024-07-06, 7/8/2024  , North , Punjab     , Office Supplies, Paper       , Paper Model 42      ,1939.56,4,0.34,182.78,2024.0,7.0,July,2024Q3,9.423786838251976,High,Yes
ORD1023 ,2024-07-08, 7/10/2024 , South , Tamil Nadu , Furniture      , Chairs      , Chairs Model 18     ,221.86,9,0.11,14.45,2024.0,7.0,July,2024Q3,6.513116379698909,Low,No
ORD1459 ,2024-07-10,           , West  , Rajasthan  , Technology     , Laptops     , Laptops Model 13    ,387.57,8,0.29,53.36,2024.0,7.0,July,2024Q3,13.767835487782854,Low,No
ORD1457 ,2024-07-12,           , South , Tamil Nadu , Furniture      , Chairs      , Chairs Model 50     ,663.68,5,0.32,94.37,2024.0,7.0,July,2024Q3,14.219202025072326,Medium,Yes
ORD1069 ,2024-08-01, 8/8/2024  , East  , Bihar      , Furniture      , Chairs      , Chairs Model 42     ,892.7,1,0.21,186.94,2024.0,8.0,August,2024Q3,20.940965609947348,Medium,No
ORD1382 ,2024-08-01, 8/5/2024  , North , Delhi      , Technology     , Laptops     , Laptops Model 2     ,1505.31,4,0.33,277.84,2024.0,8.0,August,2024Q3,18.4573277265148,High,Yes
ORD1477 ,2024-08-03, 8/6/2024  , West  , Rajasthan  , Furniture      , Chairs      , Chairs Model 11     ,1997.17,9,0.34,81.06,2024.0,8.0,August,2024Q3,4.0587431215169465,High,Yes
ORD1386 ,2024-08-04, 8/8/2024  , North , Haryana    , Office Supplies, Binders     , Binders Model 6     ,374.6,6,0.1,61.2,2024.0,8.0,August,2024Q3,16.337426588360916,Low,No
ORD1042 ,2024-08-05, 8/11/2024 , South , Karnataka  , Furniture      , Tables      , Tables Model 37     ,1441.76,8,0.05,80.04,2024.0,8.0,August,2024Q3,5.551548107868162,High,No
ORD1285 ,2024-08-06, 8/11/2024 , West  , Gujarat    , Office Supplies, Paper       , Paper Model 6       ,302.79,8,0.23,18.72,2024.0,8.0,August,2024Q3,6.182502724660655,Low,No
ORD1216 ,2024-08-07, 8/9/2024  , West  , Maharashtra, Furniture      , Chairs      , Chairs Model 20     ,820.36,1,0.16,154.26,2024.0,8.0,August,2024Q3,18.803939733775415,Medium,No
ORD1061 ,2024-08-08, 8/10/2024 , North , Haryana    , Furniture      , Tables      , Tables Model 15     ,1812.38,2,0.26,243.06,2024.0,8.0,August,2024Q3,13.411094803518026,High,No
ORD1491 ,2024-08-10,           , North , Punjab     , Office Supplies, Binders     , Binders Model 27    ,1930.08,6,0.12,201.87,2024.0,8.0,August,2024Q3,10.459151952250686,High,No
ORD1322 ,2024-08-11,           , North , Haryana    , Furniture      , Chairs      , Chairs Model 40     ,1904.51,1,0.06,480.0,2024.0,8.0,August,2024Q3,25.20333314080787,High,No
ORD1342 ,2024-09-03, 9/9/2024  , West  , Maharashtra, Office Supplies, Binders     , Binders Model 14    ,1957.9,5,0.08,361.92,2024.0,9.0,September,2024Q3,18.48511159916237,High,No
ORD1452 ,2024-09-05, 9/8/2024  , West  , Maharashtra, Technology     , Phones      , Phones Model 36     ,1573.95,7,0.17,385.49,2024.0,9.0,September,2024Q3,24.491883477874136,High,No
ORD1323 ,2024-09-06, 9/11/2024 , West  , Maharashtra, Technology     , Phones      , Phones Model 50     ,711.51,1,0.12,124.69,2024.0,9.0,September,2024Q3,17.52470098803952,Medium,No
ORD1307 ,2024-09-06,           , South , Tamil Nadu , Furniture      , Storage     , Storage Model 29    ,1822.99,2,0.19,215.65,2024.0,9.0,September,2024Q3,11.829466974585708,High,No
ORD1359 ,2024-09-07, 9/11/2024 , South , Tamil Nadu , Office Supplies, Art         , Art Model 47        ,1054.51,8,0.39,130.37,2024.0,9.0,September,2024Q3,12.363088069340263,High,Yes
ORD1104 ,2024-09-09, 9/11/2024 , West  , Maharashtra, Technology     , Phones      , Phones Model 19     ,549.49,2,0.1,118.81,2024.0,9.0,September,2024Q3,21.62186754990992,Medium,No
ORD1471 ,2024-09-10,           , West  , Maharashtra, Office Supplies, Paper       , Paper Model 31      ,1320.41,4,0.12,249.46,2024.0,9.0,September,2024Q3,18.892616687241084,High,No
ORD1030 ,2024-09-11, 9/12/2024 , East  , Bihar      , Office Supplies, Paper       , Paper Model 44      ,1322.56,5,0.3,126.41,2024.0,9.0,September,2024Q3,9.557978466005324,High,No
ORD1199 ,2024-10-04, 10/8/2024 , North , Delhi      , Technology     , Accessories , Accessories Model 36,626.09,3,0.05,84.98,2024.0,10.0,October,2024Q4,13.573128463958856,Medium,No
ORD1424 ,2024-10-05, 10/7/2024 , West  , Maharashtra, Office Supplies, Binders     , Binders Model 11    ,460.53,8,0.08,79.66,2024.0,10.0,October,2024Q4,17.29746162030704,Low,No
ORD1149 ,2024-10-09,           , East  , West Bengal, Technology     , Laptops     , Laptops Model 37    ,981.95,1,0.2,110.73,2024.0,10.0,October,2024Q4,11.276541575436632,Medium,No
ORD1265 ,2024-10-09, 10/10/2024, East  , West Bengal, Technology     , Accessories , Accessories Model 2 ,1344.49,5,0.21,231.46,2024.0,10.0,October,2024Q4,17.215449724430826,High,No
ORD1167 ,2024-11-02, 11/9/2024 , West  , Gujarat    , Office Supplies, Binders     , Binders Model 24    ,392.12,9,0.15,38.39,2024.0,11.0,November,2024Q4,9.790370294807712,Low,No
ORD1205 ,2024-11-03, 11/5/2024 , North , Haryana    , Technology     , Phones      , Phones Model 48     ,686.04,9,0.08,94.11,2024.0,11.0,November,2024Q4,13.71785901696694,Medium,No
ORD1349 ,2024-11-03, 11/7/2024 , South , Kerala     , Technology     , Laptops     , Laptops Model 48    ,1003.65,1,0.16,145.27,2024.0,11.0,November,2024Q4,14.474169282120261,High,No
ORD1286 ,2024-11-05, 11/7/2024 , North , Punjab     , Technology     , Laptops     , Laptops Model 37    ,1115.02,2,0.3,40.57,2024.0,11.0,November,2024Q4,3.638499757851877,High,No
ORD1432 ,2024-11-06, 11/7/2024 , South , Kerala     , Technology     , Phones      , Phones Model 32     ,1097.72,7,0.25,233.89,2024.0,11.0,November,2024Q4,21.30689064606639,High,No
ORD1476 ,2024-11-07, 11/8/2024 , East  , West Bengal, Technology     , Phones      , Phones Model 31     ,1795.37,8,0.22,362.24,2024.0,11.0,November,2024Q4,20.17634248093708,High,No
ORD1138 ,2024-11-07, 11/8/2024 , South , Kerala     , Technology     , Laptops     , Laptops Model 7     ,1445.84,5,0.34,204.91,2024.0,11.0,November,2024Q4,14.172384219554033,High,Yes
ORD1422 ,2024-11-07,           , West  , Maharashtra, Technology     , Laptops     , Laptops Model 33    ,962.76,7,0.37,93.15,2024.0,11.0,November,2024Q4,9.675308488096723,Medium,Yes
ORD1147 ,2024-11-08, 11/12/2024, North , Haryana    , Office Supplies, Binders     , Binders Model 42    ,470.8,5,0.38,47.08,2024.0,11.0,November,2024Q4,10.0,Low,Yes
ORD1352 ,2024-11-08,           , North , Delhi      , Office Supplies, Binders     , Binders Model 31    ,1469.85,2,0.26,173.61,2024.0,11.0,November,2024Q4,11.811409327482398,High,No
ORD1407 ,2024-12-04, 12/5/2024 , West  , Rajasthan  , Furniture      , Storage     , Storage Model 27    ,1450.1,4,0.39,151.79,2024.0,12.0,December,2024Q4,10.467553961795737,High,Yes
ORD1009 ,,           , North , Haryana    , Office Supplies, Binders     , Binders Model 5     ,1420.96,1,0.14,276.93,,,,NaT,19.488937056637766,High,No
ORD1070 ,, 11/11/2024, East  , West Bengal, Office Supplies, Paper       , Paper Model 31      ,1495.79,3,0.15,265.8,,,,NaT,17.769874113344788,High,No
ORD1108 ,,           , East  , Odisha     , Office Supplies, Binders     , Binders Model 17    ,1502.62,10,0.35,292.62,,,,NaT,19.473985438766956,High,Yes
ORD1154 ,,           , West  , Rajasthan  , Technology     , Phones      , Phones Model 34     ,496.53,6,0.4,25.29,,,,NaT,5.093347833967736,Low,Yes
ORD1168 ,, 12/12/2023, South , Tamil Nadu , Furniture      , Chairs      , Chairs Model 9      ,1019.22,8,0.38,186.91,,,,NaT,18.33853338827731,High,Yes
ORD1212 ,,           , North , Haryana    , Furniture      , Chairs      , Chairs Model 5      ,207.12,2,0.28,41.51,,,,NaT,20.041521823097717,Low,No
ORD1236 ,,           , South , Tamil Nadu , Technology     , Laptops     , Laptops Model 2     ,110.81,3,0.38,5.16,,,,NaT,4.6566194386788196,Low,Yes
ORD1295 ,,           , South , Kerala     , Technology     , Phones      , Phones Model 6      ,1216.47,8,0.11,116.09,,,,NaT,9.543186432875451,High,No
ORD1303 ,,           , South , Karnataka  , Furniture      , Tables      , Tables Model 36     ,401.81,8,0.27,87.73,,,,NaT,21.833702496204673,Low,No
ORD1339 ,,           , East  , Bihar      , Furniture      , Storage     , Storage Model 5     ,703.29,3,0.0,210.7,,,,NaT,29.95919179854683,Medium,No
ORD1340 ,,           , East  , Odisha     , Office Supplies, Binders     , Binders Model 38    ,532.31,6,0.22,0.0,,,,NaT,0.0,Medium,No
ORD1371 ,, 11/12/2024, West  , Rajasthan  , Technology     , Laptops     , Laptops Model 32    ,215.91,10,0.13,52.44,,,,NaT,24.28789773516743,Low,No
ORD1466 ,,           , West  , Gujarat    , Office Supplies, Paper       , Paper Model 18      ,569.01,5,0.04,123.55,,,,NaT,21.71315091123179,Medium,No
ORD1485 ,,           , South , Karnataka  , Office Supplies, Binders     , Binders Model 23    ,1298.14,7,0.18,53.88,,,,NaT,4.150553869382347,High,No
